Photos,vAuto Network,"Autowriter
Description",Pricing Warnings/Alerts,Vehicle,Stock #,VIN,Class,Certified,Deleted Date,Status,Age,Body,Color,Disp,Ad. Price,Last $ Change,Overall,Like Mine,"Alloc. Dealer
Cash",Bottom Price,Invoice,MSRP,"Total Customer
Incentives","Total Dealer
Rebate"
,,Yes,0,2025 Ram 2500 Laramie,SG573177,3C63R5NL7SG573177,"Truck, Large Pick-up",,,,4,4D Mega Cab,White,Retail,,,,,$0 ,,"$86,368 ","$91,350 ","$1,000 ",$0 
,,Yes,0,2025 Jeep Grand Cherokee L Limited,S8725488,1C4RJKBGXS8725488,"SUV, Intermediate Sport Utility",,,,6,4D Sport Utility,Bright White Clearcoat,Retail,"$49,417 ",7/5/2025,213,234,$0 ,,"$52,965 ","$54,240 ","$4,823 ",$0 
,,Yes,0,2025 Ram 2500 Laramie,SG573175,3C63R5NL3SG573175,"Truck, Large Pick-up",,,,6,4D Mega Cab,Diamond Black Crystal Pearlcoat,Retail,"$85,405 ",7/4/2025,201,244,$0 ,,"$81,817 ","$86,405 ","$1,000 ",$0 
,,Yes,0,2026 Ram 1500 Rebel,TN157884,1C6SRFLP1TN157884,"Truck, Large Pick-up",,,,7,4D Crew Cab,Billet Silver Metallic Clearcoat,Retail,"$71,910 ",7/3/2025,,,$0 ,,"$69,474 ","$73,410 ","$1,500 ",$0 
,,Yes,0,2025 Jeep Grand Cherokee Limited,SC348488,1C4RJGBG6SC348488,"SUV, Intermediate Sport Utility",,,,7,4D Sport Utility,Diamond Black Crystal Pearlcoat,Retail,"$46,121 ",7/5/2025,122,117,$0 ,,"$49,491 ","$50,735 ","$4,614 ",$0 
,,Yes,0,2025 Dodge Hornet GT,S3A46564,ZACNDFAN5S3A46564,"SUV, Compact Sport Utility",,,,8,4D Sport Utility,Hot Tamale,Retail,"$32,690 ",7/2/2025,234,207,$0 ,,"$33,849 ","$34,480 ","$1,790 ",$0 
,,Yes,0,2025 Jeep Wrangler Willys,SW628346,1C4PJXDG2SW628346,"SUV, Intermediate Sport Utility",,,,8,4D Sport Utility,Anvil Clear Coat,Retail,"$50,085 ",7/4/2025,160,141,$0 ,,"$52,860 ","$55,075 ","$4,990 ",$0 
,,Yes,0,2025 Jeep Grand Cherokee Limited,SC348490,1C4RJGBG4SC348490,"SUV, Intermediate Sport Utility",,,,11,4D Sport Utility,Velvet Red Pearlcoat,Retail,"$49,046 ",7/4/2025,122,117,$0 ,,"$52,124 ","$53,660 ","$4,614 ",$0 
,,Yes,0,2026 Ram 1500 Rebel,TN152824,1C6SRFLP2TN152824,"Truck, Large Pick-up",,,,11,4D Crew Cab,Diamond Black Crystal Pearlcoat,Retail,"$74,800 ",7/2/2025,,,$0 ,,"$72,134 ","$76,300 ","$1,500 ",$0 
,,Yes,0,2025 Jeep Grand Cherokee Overland,S8720238,1C4RJHDG6S8720238,"SUV, Intermediate Sport Utility",,,,11,4D Sport Utility,Bright White Clearcoat,Retail,"$58,251 ",7/4/2025,122,,$0 ,,"$61,450 ","$62,770 ","$4,519 ",$0 
,,Yes,0,2025 Jeep Grand Cherokee Summit,S8721640,1C4RJHEG5S8721640,"SUV, Intermediate Sport Utility",,,,11,4D Sport Utility,Baltic Gray Metallic Clearcoat,Retail,"$59,050 ",7/4/2025,122,125,$0 ,,"$62,391 ","$63,675 ","$4,625 ",$0 
,,Yes,0,2025 Jeep Wrangler Rubicon X,SW632587,1C4RJXFG3SW632587,"SUV, Intermediate Sport Utility",,,,11,4D Sport Utility,Firecracker Red Clearcoat,Retail,"$63,340 ",7/4/2025,160,126,$0 ,,"$68,323 ","$71,760 ","$8,420 ",$0 
,,Yes,0,2025 Jeep Wrangler Rubicon X,SW632114,1C4RJXFG4SW632114,"SUV, Intermediate Sport Utility",,,,11,4D Sport Utility,Granite Crystal Metallic Clearcoat,Retail,"$63,340 ",7/4/2025,160,126,$0 ,,"$68,323 ","$71,760 ","$8,420 ",$0 
,,Yes,0,2025 Jeep Wagoneer Series II,SS530006,1C4SJVBP2SS530006,"SUV, Large Sport Utility",,,,11,4D Sport Utility,Bright White Clearcoat,Retail,"$74,835 ",7/5/2025,286,237,$0 ,,"$70,389 ","$74,835 ",$0 ,$0 
,,Yes,0,2025 Jeep Gladiator Rubicon,SL538381,1C6RJTBG7SL538381,"Truck, Small Pick-up",,,,11,4D Crew Cab,Mojito,Retail,"$52,800 ",7/4/2025,178,300,$0 ,,"$57,855 ","$59,925 ","$7,125 ",$0 
,,Yes,0,2025 Dodge Hornet GT,S3A46567,ZACNDFAN0S3A46567,"SUV, Compact Sport Utility",,,,11,4D Sport Utility,8 Ball,Retail,"$32,195 ",7/1/2025,234,207,$0 ,,"$33,393 ","$33,985 ","$1,790 ",$0 
,,Yes,0,2025 Dodge Hornet GT,S3A46280,ZACNDFAN2S3A46280,"SUV, Compact Sport Utility",,,,11,4D Sport Utility,Q Ball,Retail,"$32,690 ",7/1/2025,234,207,$0 ,,"$33,849 ","$34,480 ","$1,790 ",$0 
,,Yes,0,2025 Dodge Hornet GT,S3A46220,ZACNDFAN6S3A46220,"SUV, Compact Sport Utility",,,,11,4D Sport Utility,8 Ball,Retail,"$32,690 ",7/1/2025,234,207,$0 ,,"$33,849 ","$34,480 ","$1,790 ",$0 
,,Yes,0,2025 Dodge Hornet GT,S3A46387,ZACNDFAN9S3A46387,"SUV, Compact Sport Utility",,,,11,4D Sport Utility,Gray Cray,Retail,"$33,185 ",7/1/2025,234,207,$0 ,,"$34,305 ","$34,975 ","$1,790 ",$0 
,,Yes,0,2025 Dodge Hornet GT,S3A46583,ZACNDFAN9S3A46583,"SUV, Compact Sport Utility",,,,11,4D Sport Utility,Gray Cray,Retail,"$33,040 ",7/1/2025,234,207,$0 ,,"$34,172 ","$34,830 ","$1,790 ",$0 
,,Yes,0,2025 Jeep Wrangler Sport,SW627967,1C4PJXDN9SW627967,"SUV, Intermediate Sport Utility",,,,11,4D Sport Utility,Granite Crystal Metallic Clearcoat,Retail,"$40,050 ",7/4/2025,160,128,$0 ,,"$42,527 ","$43,580 ","$3,530 ",$0 
,,Yes,0,2025 Jeep Grand Cherokee Limited,S8727411,1C4RJHBG3S8727411,"SUV, Intermediate Sport Utility",,,,11,4D Sport Utility,Diamond Black Crystal Pearlcoat,Retail,"$50,882 ",7/4/2025,122,73,$0 ,,"$54,084 ","$55,660 ","$4,778 ",$0 
,,Yes,0,2025 Jeep Grand Cherokee L Laredo,S8727412,1C4RJKAG7S8727412,"SUV, Intermediate Sport Utility",,,,12,4D Sport Utility,Velvet Red Pearlcoat,Retail,"$42,929 ",7/5/2025,213,,$0 ,,"$45,008 ","$45,920 ","$2,991 ",$0 
,,Yes,0,2025 Jeep Wrangler Willys,SW623340,1C4RJXDG8SW623340,"SUV, Intermediate Sport Utility",,,,12,4D Sport Utility,Granite Crystal Metallic Clearcoat,Retail,"$54,580 ",7/5/2025,160,141,$0 ,,"$56,906 ","$59,570 ","$4,990 ",$0 
,,Yes,0,2025 Dodge Durango R/T Plus,SC557772,1C4SDJCT5SC557772,"SUV, Large Sport Utility",,,,12,4D Sport Utility,Destroyer Gray Clearcoat,Retail,"$54,883 ",7/5/2025,97,96,$0 ,,"$56,945 ","$58,575 ","$3,692 ",$0 
,,Yes,0,2025 Jeep Wrangler Willys,SW623341,1C4PJXDN2SW623341,"SUV, Intermediate Sport Utility",,,,12,4D Sport Utility,41,Retail,"$48,402 ",7/5/2025,160,58,$0 ,,"$51,073 ","$53,075 ","$4,673 ",$0 
,,Yes,0,2025 Jeep Wrangler Willys,SW623342,1C4PJXDN4SW623342,"SUV, Intermediate Sport Utility",,,,12,4D Sport Utility,Anvil Clear Coat,Retail,"$48,402 ",7/5/2025,160,58,$0 ,,"$51,073 ","$53,075 ","$4,673 ",$0 
,,Yes,0,2025 Jeep Grand Cherokee Altitude X,SC338420,1C4RJGAG8SC338420,"SUV, Intermediate Sport Utility",,,,12,4D Sport Utility,Diamond Black Crystal Pearlcoat,Retail,"$39,780 ",7/5/2025,122,153,$0 ,,"$43,616 ","$44,730 ","$4,950 ",$0 
,,Yes,0,2026 Ram 1500 Rebel,TN152822,1C6SRFLP9TN152822,"Truck, Large Pick-up",,,,12,4D Crew Cab,Diamond Black Crystal Pearlcoat,Retail,"$72,255 ",7/2/2025,,,$0 ,,"$69,791 ","$73,755 ","$1,500 ",$0 
,,Yes,0,2026 Ram 1500 Laramie,TN152815,1C6SRFJP8TN152815,"Truck, Large Pick-up",,,,12,4D Crew Cab,Granite Crystal Metallic Clearcoat,Retail,"$72,555 ",7/2/2025,,,$0 ,,"$69,271 ","$74,055 ","$1,500 ",$0 
,,Yes,0,2026 Ram 1500 Laramie,TN152816,1C6SRFJPXTN152816,"Truck, Large Pick-up",,,,12,4D Crew Cab,Bright White Clearcoat,Retail,"$72,260 ",7/2/2025,,,$0 ,,"$68,999 ","$73,760 ","$1,500 ",$0 
,,Yes,0,2026 Ram 1500 Rebel,TN152823,1C6SRFLP0TN152823,"Truck, Large Pick-up",,,,12,4D Crew Cab,Granite Crystal Metallic Clearcoat,Retail,"$71,910 ",7/2/2025,,,$0 ,,"$69,474 ","$73,410 ","$1,500 ",$0 
,,Yes,0,2026 Ram 1500 Rebel,TN157885,1C6SRFLP3TN157885,"Truck, Large Pick-up",,,,12,4D Crew Cab,Delmonico Red Pearlcoat,Retail,"$71,860 ",7/2/2025,,,$0 ,,"$69,427 ","$73,360 ","$1,500 ",$0 
,,Yes,0,2026 Ram 1500 Rebel,TN157886,1C6SRFLP5TN157886,"Truck, Large Pick-up",,,,12,4D Crew Cab,Forged Blue Metallic,Retail,"$71,910 ",7/2/2025,,,$0 ,,"$69,474 ","$73,410 ","$1,500 ",$0 
,,Yes,0,2026 Ram 1500 Rebel,TN157887,1C6SRFLP7TN157887,"Truck, Large Pick-up",,,,12,4D Crew Cab,Granite Crystal Metallic Clearcoat,Retail,"$72,905 ",7/2/2025,,,$0 ,,"$70,390 ","$74,405 ","$1,500 ",$0 
,,Yes,0,2025 Ram 2500 Laramie,SG570219,3C63R5FL6SG570219,"Truck, Large Pick-up",,,,12,4D Crew Cab,Granite Crystal Metallic Clearcoat,Retail,"$85,020 ",7/2/2025,201,300,$0 ,,"$81,190 ","$86,020 ","$1,000 ",$0 
,,Yes,0,2025 Jeep Grand Cherokee L Limited,S8720058,1C4RJJBG1S8720058,"SUV, Intermediate Sport Utility",,,,13,4D Sport Utility,Bright White Clearcoat,Retail,"$47,487 ",7/4/2025,213,245,$0 ,,"$51,005 ","$52,240 ","$4,753 ",$0 
,,Yes,0,2025 Jeep Grand Cherokee L Limited,S8720057,1C4RJJBGXS8720057,"SUV, Intermediate Sport Utility",,,,13,4D Sport Utility,Baltic Gray Metallic Clearcoat,Retail,"$48,082 ",7/4/2025,213,245,$0 ,,"$51,541 ","$52,835 ","$4,753 ",$0 
,,Yes,0,2025 Jeep Grand Cherokee L Altitude X,S8727416,1C4RJKAG4S8727416,"SUV, Intermediate Sport Utility",,,,13,4D Sport Utility,Velvet Red Pearlcoat,Retail,"$44,072 ",7/4/2025,213,216,$0 ,,"$47,536 ","$48,730 ","$4,658 ",$0 
,,Yes,0,2025 Jeep Grand Cherokee L Altitude X,S8720624,1C4RJKAG9S8720624,"SUV, Intermediate Sport Utility",,,,13,4D Sport Utility,Diamond Black Crystal Pearlcoat,Retail,"$44,822 ",7/4/2025,213,216,$0 ,,"$48,212 ","$49,480 ","$4,658 ",$0 
,,Yes,0,2025 Jeep Wrangler Willys,SW623339,1C4RJXDG1SW623339,"SUV, Intermediate Sport Utility",,,,13,4D Sport Utility,Bright White Clearcoat,Retail,"$53,985 ",7/4/2025,160,141,$0 ,,"$56,370 ","$58,975 ","$4,990 ",$0 
,,Yes,0,2025 Jeep Wrangler Sport,SW627968,1C4PJXDN0SW627968,"SUV, Intermediate Sport Utility",,,,13,4D Sport Utility,Joose,Retail,"$40,350 ",7/4/2025,160,128,$0 ,,"$42,797 ","$43,880 ","$3,530 ",$0 
,,Yes,0,2025 Jeep Wrangler Sport S,SW619386,1C4PJXDN4SW619386,"SUV, Intermediate Sport Utility",,,,13,4D Sport Utility,Hydro Blue Pearl Coat,Retail,"$45,304 ",7/4/2025,160,394,$0 ,,"$47,716 ","$49,345 ","$4,041 ",$0 
,,Yes,0,2025 Jeep Grand Cherokee Altitude X,SC338421,1C4RJGAGXSC338421,"SUV, Intermediate Sport Utility",,,,13,4D Sport Utility,Velvet Red Pearlcoat,Retail,"$39,780 ",7/4/2025,122,153,$0 ,,"$43,616 ","$44,730 ","$4,950 ",$0 
,,Yes,0,2025 Jeep Gladiator,SL531745,1C6PJTAG5SL531745,"Truck, Small Pick-up",,,,13,4D Crew Cab,Granite Crystal Metallic Clearcoat,Retail,"$44,407 ",7/2/2025,178,178,$0 ,,"$47,221 ","$48,685 ","$4,278 ",$0 
,,Yes,0,2025 Jeep Grand Cherokee Limited,S8727410,1C4RJHBG1S8727410,"SUV, Intermediate Sport Utility",,,,13,4D Sport Utility,Bright White Clearcoat,Retail,"$42,122 ",7/4/2025,122,73,$0 ,,"$46,199 ","$46,900 ","$4,778 ",$0 
,,Yes,0,2025 Jeep Wrangler Willys,SW623338,1C4RJXDGXSW623338,"SUV, Intermediate Sport Utility",,,,13,4D Sport Utility,41,Retail,"$54,580 ",7/4/2025,160,141,$0 ,,"$56,906 ","$59,570 ","$4,990 ",$0 
,,Yes,0,2025 Jeep Compass Latitude,ST566375,3C4NJDBN9ST566375,"SUV, Compact Sport Utility",,,,14,4D Sport Utility,Silver Zynith Metallic Clearcoat,Retail,"$31,458 ",6/26/2025,160,181,$0 ,,"$32,382 ","$32,755 ","$1,297 ",$0 
,,Yes,0,2025 Jeep Wrangler Sport S,SW620401,1C4PJXDN1SW620401,"SUV, Intermediate Sport Utility",,,,14,4D Sport Utility,Black Clearcoat,Retail,"$45,304 ",7/4/2025,160,394,$0 ,,"$47,716 ","$49,345 ","$4,041 ",$0 
,,Yes,0,2025 Jeep Grand Cherokee L Summit,S8728586,1C4RJKEG9S8728586,"SUV, Intermediate Sport Utility",,,,14,4D Sport Utility,Velvet Red Pearlcoat,Retail,"$60,911 ",7/4/2025,213,132,$0 ,,"$64,351 ","$65,675 ","$4,764 ",$0 
,,Yes,0,2025 Jeep Grand Cherokee Overland,S8720239,1C4RJHDG8S8720239,"SUV, Intermediate Sport Utility",,,,15,4D Sport Utility,Velvet Red Pearlcoat,Retail,"$58,846 ",7/4/2025,122,,$0 ,,"$61,986 ","$63,365 ","$4,519 ",$0 
,,Yes,0,2025 Jeep Grand Cherokee L Summit,S8724589,1C4RJKEG6S8724589,"SUV, Intermediate Sport Utility",,,,15,4D Sport Utility,Diamond Black Crystal Pearlcoat,Retail,"$64,151 ",7/5/2025,213,132,$0 ,,"$67,933 ","$69,655 ","$5,504 ",$0 
,,Yes,0,2025 Jeep Grand Cherokee L Altitude X,S8727415,1C4RJKAG2S8727415,"SUV, Intermediate Sport Utility",,,,15,4D Sport Utility,Diamond Black Crystal Pearlcoat,Retail,"$44,072 ",7/4/2025,213,216,$0 ,,"$47,536 ","$48,730 ","$4,658 ",$0 
,,Yes,0,2025 Jeep Gladiator,SL531744,1C6PJTAG3SL531744,"Truck, Small Pick-up",,,,15,4D Crew Cab,Firecracker Red Clearcoat,Retail,"$44,407 ",7/2/2025,178,178,$0 ,,"$47,221 ","$48,685 ","$4,278 ",$0 
,,Yes,0,2025 Jeep Wrangler Rubicon,SW634708,1C4PJXFG0SW634708,"SUV, Intermediate Sport Utility",,,,15,4D Sport Utility,41,Retail,"$56,748 ",7/4/2025,160,168,$0 ,,"$60,889 ","$63,500 ","$6,752 ",$0 
,,Yes,0,2025 Jeep Wrangler Sahara,SW622862,1C4PJXEG3SW622862,"SUV, Intermediate Sport Utility",,,,15,4D Sport Utility,Bright White Clearcoat,Retail,"$55,627 ",7/4/2025,160,276,$0 ,,"$58,767 ","$61,020 ","$5,393 ",$0 
,,Yes,0,2025 Jeep Grand Cherokee Altitude X,SC338419,1C4RJGAG1SC338419,"SUV, Intermediate Sport Utility",,,,18,4D Sport Utility,Bright White Clearcoat,Retail,"$37,515 ",7/7/2025,122,153,$0 ,,"$43,080 ","$44,135 ","$4,950 ",$0 
,,Yes,0,2025 Ram 3500 Laramie,SG554805,3C63RRJL7SG554805,"Truck, Large Pick-up",,,,18,4D Crew Cab,Bright White Clearcoat,Retail,"$91,030 ",7/2/2025,126,242,$0 ,,"$86,726 ","$92,030 ","$1,000 ",$0 
,,Yes,0,2025 Jeep Gladiator Rubicon,SL538379,1C6RJTBG9SL538379,"Truck, Small Pick-up",,,,18,4D Crew Cab,Black Clearcoat,Retail,"$52,800 ",7/4/2025,178,300,$0 ,,"$57,855 ","$59,925 ","$7,125 ",$0 
,,Yes,0,2025 Dodge Durango R/T Plus,SC557773,1C4SDJCT7SC557773,"SUV, Large Sport Utility",,,,18,4D Sport Utility,White Knuckle Clearcoat,Retail,"$54,488 ",7/4/2025,97,96,$0 ,,"$56,589 ","$58,180 ","$3,692 ",$0 
,,Yes,0,2025 Jeep Gladiator Rubicon,SL531758,1C6RJTBG4SL531758,"Truck, Small Pick-up",,,,18,4D Crew Cab,Joose,Retail,"$56,275 ",7/4/2025,178,300,$0 ,,"$62,164 ","$64,715 ","$8,440 ",$0 
,,Yes,0,2025 Jeep Wrangler Rubicon,SW634709,1C4PJXFG2SW634709,"SUV, Intermediate Sport Utility",,,,18,4D Sport Utility,Anvil Clear Coat,Retail,"$57,343 ",7/4/2025,160,168,$0 ,,"$61,425 ","$64,095 ","$6,752 ",$0 
,,Yes,0,2025 Jeep Compass Latitude,ST566372,3C4NJDBN3ST566372,"SUV, Compact Sport Utility",,,,18,4D Sport Utility,Diamond Black Crystal Pearlcoat,Retail,"$31,458 ",6/25/2025,160,181,$0 ,,"$32,382 ","$32,755 ","$1,297 ",$0 
,,Yes,0,2025 Jeep Grand Cherokee Summit,S8722603,1C4RJHEG4S8722603,"SUV, Intermediate Sport Utility",,,,18,4D Sport Utility,Bright White Clearcoat,Retail,"$58,455 ",7/4/2025,122,125,$0 ,,"$63,080 ","$63,080 ","$4,625 ",$0 
,,Yes,0,2025 Jeep Grand Cherokee Summit,S8722976,1C4RJHEGXS8722976,"SUV, Intermediate Sport Utility",,,,18,4D Sport Utility,Diamond Black Crystal Pearlcoat,Retail,"$58,860 ",7/7/2025,122,125,$0 ,,"$65,973 ","$67,655 ","$5,376 ",$0 
,,Yes,0,2025 Jeep Grand Cherokee L Altitude X,S8720625,1C4RJKAG0S8720625,"SUV, Intermediate Sport Utility",,,,18,4D Sport Utility,Baltic Gray Metallic Clearcoat,Retail,"$44,072 ",7/4/2025,213,216,$0 ,$0 ,,"$48,730 ","$4,658 ",$0 
,,Yes,0,2025 Jeep Compass Latitude,ST601940,3C4NJDBN4ST601940,"SUV, Compact Sport Utility",,,,18,4D Sport Utility,Bright White Clearcoat,Retail,"$28,868 ",6/25/2025,160,181,$0 ,,"$29,998 ","$30,165 ","$1,297 ",$0 
,,Yes,0,2025 Jeep Grand Cherokee L Overland,S8725485,1C4RJKDG8S8725485,"SUV, Intermediate Sport Utility",,,,18,4D Sport Utility,Diamond Black Crystal Pearlcoat,Retail,"$60,647 ",7/4/2025,213,,$0 ,,"$63,946 ","$65,365 ","$4,718 ",$0 
,,Yes,0,2025 Jeep Grand Cherokee L Summit,S8723222,1C4RJKEG1S8723222,"SUV, Intermediate Sport Utility",,,,18,4D Sport Utility,Bright White Clearcoat,Retail,"$61,531 ",7/4/2025,213,132,$0 ,,"$65,574 ","$67,035 ","$5,504 ",$0 
,,Yes,0,2025 Jeep Grand Cherokee L Summit,S8723225,1C4RJKEG7S8723225,"SUV, Intermediate Sport Utility",,,,18,4D Sport Utility,Baltic Gray Metallic Clearcoat,Retail,"$67,921 ",7/5/2025,213,132,$0 ,,"$71,326 ","$73,425 ","$5,504 ",$0 
,,Yes,0,2025 Jeep Gladiator Rubicon,SL538380,1C6RJTBG5SL538380,"Truck, Small Pick-up",,,,18,4D Crew Cab,Granite Crystal Metallic Clearcoat,Retail,"$52,800 ",7/4/2025,178,300,$0 ,,"$57,855 ","$59,925 ","$7,125 ",$0 
,,Yes,0,2025 Chrysler Pacifica Limited,SR608162,2C4RC1GG7SR608162,"Van, Small Van",,,,19,4D Passenger Van,Ceramic Gray Clearcoat,Retail,,,118,126,$0 ,"$53,000 ","$55,003 ","$56,665 ","$3,434 ",$0 
29,,Yes,0,2025 Ram 1500 Big Horn/Lone Star,SN737192,1C6SRFFPXSN737192,"Truck, Large Pick-up",,,,19,4D Crew Cab,Diamond Black Crystal Pearlcoat,Retail,"$54,428 ",7/2/2025,84,101,$0 ,$0 ,$0 ,"$64,935 ","$10,118 ",$0 
27,,Yes,0,2025 Jeep Gladiator Nighthawk,SL509215,1C6PJTAG9SL509215,"Truck, Small Pick-up",,,,19,4D Crew Cab,Black Clearcoat,Retail,"$44,695 ",7/2/2025,178,28,$0 ,$0 ,$0 ,"$46,195 ","$1,500 ",$0 
,,Yes,0,2025 Ram 3500 Laramie,SG587291,3C63RRJL2SG587291,"Truck, Large Pick-up",,,,19,4D Crew Cab,Bright White Clearcoat,Retail,"$91,230 ",7/2/2025,126,242,$0 ,,"$86,910 ","$92,230 ","$1,000 ",$0 
,,Yes,0,2025 Chrysler Pacifica Limited,SR608163,2C4RC1GG9SR608163,"Van, Small Van",,,,20,4D Passenger Van,Diamond Black Crystal Pearlcoat,Retail,,,118,126,$0 ,,"$54,557 ","$56,170 ","$3,434 ",$0 
,,Yes,0,2025 Jeep Compass Latitude,ST566374,3C4NJDBN7ST566374,"SUV, Compact Sport Utility",,,,20,4D Sport Utility,Hydro Blue Pearlcoat,Retail,"$31,458 ",6/21/2025,160,181,$0 ,,"$32,382 ","$32,755 ","$1,297 ",$0 
,,Yes,0,2025 Ram 2500 Big Horn,SG555754,3C6UR5DL9SG555754,"Truck, Large Pick-up",,,,20,4D Crew Cab,Bright White Clearcoat,Retail,"$75,200 ",7/2/2025,201,405,$0 ,,"$71,878 ","$76,200 ","$1,000 ",$0 
,,Yes,0,2025 Jeep Grand Cherokee L Summit,S8723224,1C4RJKEG5S8723224,"SUV, Intermediate Sport Utility",,,,20,4D Sport Utility,Bright White Clearcoat,Retail,"$70,321 ",7/5/2025,213,132,$0 ,,"$73,486 ","$75,825 ","$5,504 ",$0 
,,Yes,0,2025 Jeep Grand Cherokee L Altitude X,S8727414,1C4RJKAG0S8727414,"SUV, Intermediate Sport Utility",,,,20,4D Sport Utility,Bright White Clearcoat,Retail,"$38,342 ",7/2/2025,213,216,$0 ,,"$47,000 ","$47,000 ","$4,658 ",$0 
,,Yes,0,2025 Jeep Grand Cherokee L Altitude X,S8727413,1C4RJKAG9S8727413,"SUV, Intermediate Sport Utility",,,,20,4D Sport Utility,Baltic Gray Metallic Clearcoat,Retail,"$44,822 ",7/5/2025,213,216,$0 ,,"$48,212 ","$49,480 ","$4,658 ",$0 
,,Yes,0,2025 Jeep Grand Cherokee L Summit,S8723223,1C4RJKEG3S8723223,"SUV, Intermediate Sport Utility",,,,20,4D Sport Utility,Bright White Clearcoat,Retail,"$63,556 ",7/5/2025,213,132,$0 ,,"$67,397 ","$69,060 ","$5,504 ",$0 
,,Yes,0,2025 Jeep Grand Cherokee Summit,S8723220,1C4RJHEG4S8723220,"SUV, Intermediate Sport Utility",,,,20,4D Sport Utility,Bright White Clearcoat,Retail,"$58,455 ",7/5/2025,122,125,$0 ,,"$61,855 ","$63,080 ","$4,625 ",$0 
,,Yes,0,2025 Ram 2500 Tradesman,SG573174,3C63R5CL8SG573174,"Truck, Large Pick-up",,,,21,4D Crew Cab,Diamond Black Crystal Pearlcoat,Retail,"$69,865 ",7/2/2025,201,469,$0 ,,"$66,875 ","$70,865 ","$1,000 ",$0 
,,Yes,1,2025 Jeep Wrangler Sport S,SW616887,1C4PJXDN0SW616887,"SUV, Intermediate Sport Utility",,,,21,4D Sport Utility,Anvil Clear Coat,Retail,"$44,196 ",7/2/2025,160,355,$0 ,,"$49,696 ","$51,545 ","$1,000 ",$0 
,,Yes,0,2025 Jeep Grand Cherokee L Limited,S8721437,1C4RJJBG3S8721437,"SUV, Intermediate Sport Utility",,,,21,4D Sport Utility,Diamond Black Crystal Pearlcoat,Retail,"$51,007 ",7/4/2025,213,245,$0 ,,"$54,174 ","$55,760 ","$4,753 ",$0 
,,Yes,0,2025 Jeep Gladiator,SL531746,1C6PJTAG7SL531746,"Truck, Small Pick-up",,,,21,4D Crew Cab,Hydro Blue Pearlcoat,Retail,"$44,407 ",7/2/2025,178,178,$0 ,,"$47,221 ","$48,685 ","$4,278 ",$0 
,,Yes,0,2025 Jeep Grand Cherokee L Limited,S8721439,1C4RJJBG7S8721439,"SUV, Intermediate Sport Utility",,,,22,4D Sport Utility,Bright White Clearcoat,Retail,"$47,487 ",7/4/2025,213,245,$0 ,,"$51,005 ","$52,240 ","$4,753 ",$0 
,,Yes,0,2025 Ram 2500 Laramie,SG570217,3C63R5FL2SG570217,"Truck, Large Pick-up",,,,22,4D Crew Cab,Forged Blue Metallic,Retail,"$84,520 ",7/2/2025,201,300,$0 ,,"$80,659 ","$85,520 ","$1,000 ",$0 
,,Yes,0,2025 Jeep Grand Cherokee L Summit,S8719104,1C4RJKEG8S8719104,"SUV, Intermediate Sport Utility",,,,22,4D Sport Utility,Bright White Clearcoat,Retail,"$57,791 ",7/4/2025,213,132,$0 ,,"$61,542 ","$62,555 ","$4,764 ",$0 
,,Yes,0,2025 Jeep Grand Cherokee L Limited,S8718372,1C4RJKBG0S8718372,"SUV, Intermediate Sport Utility",,,,22,4D Sport Utility,Bright White Clearcoat,Retail,"$47,442 ",7/4/2025,213,234,$0 ,,"$51,188 ","$52,265 ","$4,823 ",$0 
,,Yes,1,2025 Jeep Wrangler Sahara,SW623345,1C4PJXEN1SW623345,"SUV, Intermediate Sport Utility",,,,25,4D Sport Utility,Firecracker Red Clearcoat,Retail,"$51,070 ",7/2/2025,160,240,$0 ,,"$57,070 ","$59,120 ","$1,500 ",$0 
,,Yes,1,2025 Jeep Wrangler Sahara,SW623344,1C4PJXENXSW623344,"SUV, Intermediate Sport Utility",,,,25,4D Sport Utility,Bright White Clearcoat,Retail,"$50,534 ",7/2/2025,160,240,$0 ,,"$56,534 ","$58,525 ","$1,500 ",$0 
,,Yes,0,2025 Jeep Grand Cherokee L Altitude X,S8719907,1C4RJJAG2S8719907,"SUV, Intermediate Sport Utility",,,,25,4D Sport Utility,Bright White Clearcoat,Retail,"$42,485 ",7/4/2025,213,168,$0 ,,"$45,716 ","$46,885 ","$4,400 ",$0 
,,Yes,0,2025 Ram 1500 Rebel,SN751875,1C6SRFLP3SN751875,"Truck, Large Pick-up",,,,25,4D Crew Cab,Forged Blue Metallic,Retail,"$66,784 ",7/2/2025,84,91,$0 ,,"$70,901 ","$74,960 ","$8,176 ",$0 
,,Yes,0,2025 Jeep Grand Cherokee L Altitude X,S8719108,1C4RJKAG8S8719108,"SUV, Intermediate Sport Utility",,,,25,4D Sport Utility,Bright White Clearcoat,Retail,"$44,227 ",7/4/2025,213,216,$0 ,,"$47,676 ","$48,885 ","$4,658 ",$0 
,,Yes,0,2025 Jeep Gladiator,SL532962,1C6PJTAG7SL532962,"Truck, Small Pick-up",,,,25,4D Crew Cab,41,Retail,"$45,139 ",7/2/2025,178,178,$0 ,,"$47,874 ","$49,410 ","$4,271 ",$0 
,,Yes,0,2025 Jeep Gladiator Rubicon,SL531755,1C6RJTBG9SL531755,"Truck, Small Pick-up",,,,25,4D Crew Cab,Bright White Clearcoat,Retail,"$52,205 ",7/4/2025,178,300,$0 ,,"$57,319 ","$59,330 ","$7,125 ",$0 
,,Yes,1,2025 Jeep Grand Cherokee L Limited,S8721438,1C4RJJBG5S8721438,"SUV, Intermediate Sport Utility",,,,25,4D Sport Utility,Velvet Red Pearlcoat,Retail,"$45,541 ",7/2/2025,213,245,$0 ,,"$51,541 ","$52,835 ","$2,000 ",$0 
,,Yes,0,2025 Ram 2500 Laramie,SG583596,3C63R5FL2SG583596,"Truck, Large Pick-up",,,,26,4D Crew Cab,Ceramic Gray Clearcoat,Retail,"$88,275 ",7/3/2025,201,300,$0 ,,"$84,114 ","$89,275 ","$1,000 ",$0 
32,,Yes,0,2025 Jeep Grand Cherokee L Summit,S8719106,1C4RJKEG1S8719106,"SUV, Intermediate Sport Utility",,,,26,4D Sport Utility,Baltic Gray Metallic Clearcoat,Retail,"$58,911 ",7/2/2025,213,132,$0 ,,"$64,351 ","$65,675 ","$4,764 ",$0 
,,Yes,0,2025 Jeep Gladiator Rubicon,SL531754,1C6RJTBG7SL531754,"Truck, Small Pick-up",,,,26,4D Crew Cab,Anvil Clearcoat,Retail,"$52,800 ",7/4/2025,178,300,$0 ,,"$57,855 ","$59,925 ","$7,125 ",$0 
30,,Yes,0,2025 Jeep Gladiator Rubicon,SL531756,1C6RJTBG0SL531756,"Truck, Small Pick-up",,,,26,4D Crew Cab,41,Retail,"$50,860 ",7/2/2025,178,300,$0 ,,"$57,139 ","$59,130 ","$7,125 ",$0 
32,,Yes,0,2025 Dodge Durango R/T Plus,SC551252,1C4SDJCT4SC551252,"SUV, Large Sport Utility",,,,26,4D Sport Utility,Destroyer Gray Clearcoat,Retail,"$53,253 ",7/1/2025,97,96,$0 ,,"$56,945 ","$58,575 ","$3,692 ",$0 
,,Yes,1,2025 Jeep Wrangler Sahara,SW619388,1C4PJXEG8SW619388,"SUV, Intermediate Sport Utility",,,,27,4D Sport Utility,Black Clearcoat,Retail,"$51,503 ",7/2/2025,160,240,$0 ,,"$57,503 ","$59,615 ","$1,500 ",$0 
30,,Yes,0,2025 Jeep Wrangler Sahara,SW619389,1C4PJXEGXSW619389,"SUV, Intermediate Sport Utility",,,,27,4D Sport Utility,Hydro Blue Pearl Coat,Retail,"$52,373 ",7/7/2025,160,240,$0 ,,"$59,303 ","$61,615 ","$5,393 ",$0 
,,Yes,0,2025 Jeep Grand Cherokee Altitude X,SC338123,1C4RJGAG2SC338123,"SUV, Intermediate Sport Utility",,,,27,4D Sport Utility,Baltic Gray Metallic Clearcoat,Retail,"$39,780 ",7/4/2025,122,153,$0 ,,"$43,616 ","$44,730 ","$4,950 ",$0 
29,,Yes,0,2025 Jeep Gladiator,SL531241,1C6PJTAGXSL531241,"Truck, Small Pick-up",,,,27,4D Crew Cab,41,Retail,"$45,702 ",7/2/2025,178,178,$0 ,,"$48,387 ","$49,980 ","$4,278 ",$0 
,,Yes,0,2025 Jeep Compass Latitude,ST607445,3C4NJDBN2ST607445,"SUV, Compact Sport Utility",,,,27,4D Sport Utility,Silver Zynith Metallic Clearcoat,Retail,"$31,458 ",6/13/2025,160,181,$0 ,,"$32,382 ","$32,755 ","$1,297 ",$0 
31,,Yes,0,2025 Jeep Gladiator Rubicon,SL531757,1C6RJTBG2SL531757,"Truck, Small Pick-up",,,,27,4D Crew Cab,Anvil Clearcoat,Retail,"$54,975 ",7/2/2025,178,300,$0 ,,"$61,894 ","$64,415 ","$8,440 ",$0 
,,Yes,1,2025 Jeep Grand Cherokee L Summit,S8719107,1C4RJKEG3S8719107,"SUV, Intermediate Sport Utility",,,,28,4D Sport Utility,Bright White Clearcoat,Retail,"$58,815 ",7/2/2025,213,132,$0 ,,"$63,815 ","$65,080 ","$1,000 ",$0 
,,Yes,0,2025 Jeep Grand Wagoneer Series III,SS515588,1C4SJVGP7SS515588,"SUV, Luxury Sport Utility",,,,28,4D Sport Utility,Bright White Clearcoat,Retail,"$107,363 ",6/12/2025,64,,$0 ,,"$108,363 ","$116,395 ",$0 ,$0 
30,,Yes,0,2025 Jeep Compass Latitude,ST601941,3C4NJDBN6ST601941,"SUV, Compact Sport Utility",,,,28,4D Sport Utility,Diamond Black Crystal Pearlcoat,Retail,"$26,454 ",7/7/2025,160,181,$0 ,,"$30,546 ","$30,760 ","$1,297 ",$0 
18,,Yes,0,2025 Jeep Wrangler Sport,SW616616,1C4PJXDN2SW616616,"SUV, Intermediate Sport Utility",,,,28,4D Sport Utility,41,Retail,"$37,650 ",7/2/2025,160,128,$0 ,,"$42,680 ","$43,750 ","$3,530 ",$0 
30,,Yes,0,2025 Jeep Wrangler Sahara,SW619387,1C4PJXEG6SW619387,"SUV, Intermediate Sport Utility",,,,28,4D Sport Utility,Granite Crystal Metallic Clearcoat,Retail,"$51,610 ",7/2/2025,160,240,$0 ,,"$57,503 ","$59,615 ","$5,393 ",$0 
30,,Yes,0,2025 Jeep Gladiator,SL527532,1C6PJTAG1SL527532,"Truck, Small Pick-up",,,,29,4D Crew Cab,Hydro Blue Pearlcoat,Retail,,,178,178,$0 ,"$49,410 ","$47,874 ","$49,410 ","$4,271 ",$0 
29,,Yes,0,2025 Jeep Gladiator,SL532961,1C6PJTAG5SL532961,"Truck, Small Pick-up",,,,32,4D Crew Cab,Granite Crystal Metallic Clearcoat,Retail,"$45,139 ",7/2/2025,178,178,$0 ,,"$47,874 ","$49,410 ","$4,271 ",$0 
30,,Yes,0,2025 Jeep Gladiator,SL536161,1C6PJTAG4SL536161,"Truck, Small Pick-up",,,,32,4D Crew Cab,Hydro Blue Pearlcoat,Retail,"$45,139 ",7/2/2025,178,178,$0 ,,"$47,874 ","$49,410 ","$4,271 ",$0 
30,,Yes,0,2025 Jeep Gladiator,SL531243,1C6PJTAG3SL531243,"Truck, Small Pick-up",,,,32,4D Crew Cab,Anvil Clearcoat,Retail,"$44,414 ",7/2/2025,178,178,$0 ,,"$47,221 ","$48,685 ","$4,271 ",$0 
,,Yes,0,2025 Jeep Grand Cherokee L Summit,S8709244,1C4RJKEG7S8709244,"SUV, Intermediate Sport Utility",,,,32,4D Sport Utility,Silver Zynith,Retail,"$61,429 ",7/3/2025,213,132,$0 ,,"$67,933 ","$69,655 ","$5,504 ",$0 
31,,Yes,0,2025 Jeep Grand Cherokee Laredo X,SC337297,1C4RJGAG8SC337297,"SUV, Intermediate Sport Utility",,,,32,4D Sport Utility,Bright White Clearcoat,Retail,"$34,959 ",7/2/2025,122,,$0 ,,"$39,162 ","$39,780 ","$3,317 ",$0 
30,,Yes,0,2025 Jeep Wrangler Rubicon,SW621894,1C4PJXFG2SW621894,"SUV, Intermediate Sport Utility",,,,32,4D Sport Utility,Granite Crystal Metallic Clearcoat,Retail,"$54,481 ",7/7/2025,160,177,$0 ,,"$61,425 ","$64,095 ","$6,752 ",$0 
31,,Yes,0,2025 Jeep Wrangler Sahara,SW617041,1C4PJXEN6SW617041,"SUV, Intermediate Sport Utility",,,,32,4D Sport Utility,Bright White Clearcoat,Retail,"$51,450 ",7/2/2025,160,240,$0 ,,"$56,534 ","$58,525 ","$5,075 ",$0 
30,,Yes,0,2025 Jeep Wrangler Sport,SW616620,1C4PJXDN4SW616620,"SUV, Intermediate Sport Utility",,,,32,4D Sport Utility,Mojito Clearcoat,Retail,"$38,220 ",7/2/2025,160,128,$0 ,,"$42,680 ","$43,750 ","$3,530 ",$0 
,,Yes,1,2025 Ram 1500 Laramie,SN773503,1C6SRFJP6SN773503,"Truck, Large Pick-up",,,,32,4D Crew Cab,Ivory White Tri-Coat Pearlcoat,Retail,"$60,779 ",7/2/2025,84,92,$0 ,,"$72,032 ","$77,055 ","$9,989 ",$0 
30,,Yes,0,2025 Jeep Wrangler Sahara,SW615238,1C4PJXEN4SW615238,"SUV, Intermediate Sport Utility",,,,33,4D Sport Utility,Bright White Clearcoat,Retail,"$50,675 ",7/2/2025,160,240,$0 ,,"$56,534 ","$58,525 ","$5,075 ",$0 
28,,Yes,1,2025 Ram 1500 Laramie,SN773502,1C6SRFJP4SN773502,"Truck, Large Pick-up",,,,33,4D Crew Cab,Billet Silver Metallic Clearcoat,Retail,"$59,553 ",7/2/2025,84,92,$0 ,,"$70,656 ","$75,560 ","$9,989 ",$0 
29,,Yes,0,2025 Jeep Compass Latitude,ST607444,3C4NJDBN0ST607444,"SUV, Compact Sport Utility",,,,33,4D Sport Utility,Diamond Black Crystal Pearlcoat,Retail,"$31,458 ",6/10/2025,160,181,$0 ,,"$32,382 ","$32,755 ","$1,297 ",$0 
25,,Yes,0,2025 Jeep Wrangler Sport,SW614917,1C4PJXAG9SW614917,"SUV, Compact Sport Utility",,,,34,2D Sport Utility,Black Clearcoat,Retail,"$31,988 ",7/2/2025,160,94,$0 ,,"$34,578 ","$35,180 ","$3,192 ",$0 
31,,Yes,0,2025 Jeep Grand Cherokee Laredo X,SC337298,1C4RJGAGXSC337298,"SUV, Intermediate Sport Utility",,,,34,4D Sport Utility,Diamond Black Crystal Pearlcoat,Retail,"$34,881 ",7/2/2025,122,,$0 ,,"$39,698 ","$40,375 ","$3,317 ",$0 
28,,Yes,0,2025 Ram 1500 Tradesman,SN753500,1C6SRFGP0SN753500,"Truck, Large Pick-up",,,,35,4D Crew Cab,Granite Crystal Metallic Clearcoat,Retail,"$48,200 ",7/7/2025,84,,$0 ,$0 ,$0 ,"$58,780 ","$7,430 ",$0 
31,,Yes,0,2025 Jeep Wagoneer L Series II,SS507292,1C4SJSBP4SS507292,"SUV, Large Sport Utility",,,,35,4D Sport Utility,Baltic Gray Metallic Clearcoat,Retail,"$74,037 ",7/1/2025,135,,$0 ,,"$75,037 ","$79,875 ",$0 ,$0 
29,,Yes,0,2025 Ram 3500 Laramie,SG559271,3C63RRJLXSG559271,"Truck, Large Pick-up",,,,36,4D Crew Cab,Diamond Black Crystal Pearlcoat,Retail,"$87,354 ",7/2/2025,126,242,$0 ,,"$87,857 ","$93,260 ","$1,000 ",$0 
28,,Yes,0,2025 Ram 2500 Laramie,SG570220,3C63R5FL2SG570220,"Truck, Large Pick-up",,,,36,4D Crew Cab,Forged Blue Metallic,Retail,"$78,780 ",7/3/2025,201,300,$0 ,,"$81,119 ","$86,020 ","$1,000 ",$0 
30,,Yes,0,2025 Jeep Wrangler Sahara,SW614918,1C4PJXENXSW614918,"SUV, Intermediate Sport Utility",,,,36,4D Sport Utility,Bright White Clearcoat,Retail,"$49,280 ",7/2/2025,160,240,$0 ,,"$54,581 ","$56,355 ","$5,075 ",$0 
29,,Yes,1,2025 Ram 1500 Laramie,SN773505,1C6SRFJPXSN773505,"Truck, Large Pick-up",,,,36,4D Crew Cab,Forged Blue Metallic,Retail,"$59,983 ",7/2/2025,84,92,$0 ,,"$70,656 ","$75,560 ","$9,989 ",$0 
,,Yes,0,2025 Jeep Wrangler Rubicon 392,SW614117,1C4RJXSJ6SW614117,"SUV, Intermediate Sport Utility",,,,36,4D Sport Utility,Anvil Clear Coat,Retail,"$104,580 ",7/1/2025,160,140,$0 ,,"$103,827 ","$106,580 ",$0 ,$0 
30,,Yes,0,2025 Jeep Gladiator,SL531748,1C6PJTAG0SL531748,"Truck, Small Pick-up",,,,37,4D Crew Cab,Bright White Clearcoat,Retail,"$45,114 ",7/2/2025,178,178,$0 ,,"$47,851 ","$49,385 ","$4,271 ",$0 
29,,Yes,0,2025 Jeep Gladiator,SL531749,1C6PJTAG2SL531749,"Truck, Small Pick-up",,,,37,4D Crew Cab,Bright White Clearcoat,Retail,"$43,819 ",7/2/2025,178,178,$0 ,,"$46,685 ","$48,090 ","$4,271 ",$0 
30,,Yes,0,2025 Jeep Gladiator,SL531747,1C6PJTAG9SL531747,"Truck, Small Pick-up",,,,37,4D Crew Cab,Black Clearcoat,Retail,"$44,709 ",7/2/2025,178,178,$0 ,,"$48,387 ","$49,980 ","$4,271 ",$0 
30,,Yes,0,2025 Jeep Gladiator,SL531750,1C6PJTAG9SL531750,"Truck, Small Pick-up",,,,37,4D Crew Cab,Granite Crystal Metallic Clearcoat,Retail,"$43,414 ",7/2/2025,178,178,$0 ,,"$47,221 ","$48,685 ","$4,271 ",$0 
29,,Yes,0,2025 Jeep Wrangler Rubicon 392,SW614118,1C4RJXSJ8SW614118,"SUV, Intermediate Sport Utility",,,,37,4D Sport Utility,Bright White Clearcoat,Retail,"$98,165 ",6/23/2025,160,140,$0 ,$0 ,"$99,695 ","$101,990 ",$0 ,$0 
30,,Yes,0,2025 Jeep Wrangler Rubicon X,SW592677,1C4RJXFG0SW592677,"SUV, Intermediate Sport Utility",,,,40,4D Sport Utility,Joose,Retail,"$61,032 ",7/2/2025,160,114,$0 ,$0 ,$0 ,"$72,455 ","$8,420 ",$0 
32,,Yes,0,2025 Jeep Grand Cherokee Laredo X,SC337296,1C4RJGAG6SC337296,"SUV, Intermediate Sport Utility",,,,40,4D Sport Utility,Baltic Gray Metallic Clearcoat,Retail,"$35,530 ",7/7/2025,122,,$0 ,,"$39,698 ","$40,375 ","$3,317 ",$0 
30,,Yes,0,2025 Jeep Gladiator,SL527531,1C6PJTAGXSL527531,"Truck, Small Pick-up",,,,40,4D Crew Cab,Black Clearcoat,Retail,"$45,139 ",7/2/2025,178,178,$0 ,,"$47,874 ","$49,410 ","$4,271 ",$0 
30,,Yes,0,2025 Jeep Gladiator,SL531242,1C6PJTAG1SL531242,"Truck, Small Pick-up",,,,40,4D Crew Cab,Bright White Clearcoat,Retail,"$43,812 ",7/2/2025,178,178,$0 ,,"$46,685 ","$48,090 ","$4,278 ",$0 
30,,Yes,0,2025 Jeep Wrangler Sahara,SW615239,1C4PJXEN6SW615239,"SUV, Intermediate Sport Utility",,,,40,4D Sport Utility,Granite Crystal Metallic Clearcoat,Retail,"$49,695 ",7/2/2025,160,240,$0 ,,"$55,270 ","$57,120 ","$5,075 ",$0 
,,Yes,0,2025 Ram 3500 Laramie,SG551042,3C63RRJLXSG551042,"Truck, Large Pick-up",,,,41,4D Crew Cab,Granite Crystal Metallic Clearcoat,Retail,"$91,020 ",7/2/2025,126,242,$0 ,,"$86,718 ","$92,020 ","$1,000 ",$0 
30,,Yes,0,2025 Jeep Gladiator,SL527474,1C6PJTAG2SL527474,"Truck, Small Pick-up",,,,42,4D Crew Cab,Black Clearcoat,Retail,"$45,139 ",7/2/2025,178,178,$0 ,,"$47,874 ","$49,410 ","$4,271 ",$0 
30,,Yes,0,2025 Jeep Wrangler Rubicon,SW615240,1C4PJXFG2SW615240,"SUV, Intermediate Sport Utility",,,,42,4D Sport Utility,Black Clearcoat,Retail,"$54,481 ",7/7/2025,160,183,$0 ,,"$61,425 ","$64,095 ","$6,752 ",$0 
15,,Yes,0,2025 Jeep Compass Latitude,ST591553,3C4NJDBN0ST591553,"SUV, Compact Sport Utility",,,,46,4D Sport Utility,Red Hot Pearlcoat,Retail,"$26,454 ",7/7/2025,160,181,$0 ,,"$30,546 ","$30,760 ","$1,297 ",$0 
30,,Yes,0,2025 Jeep Gladiator,SL530344,1C6PJTAG4SL530344,"Truck, Small Pick-up",,,,48,4D Crew Cab,Anvil Clearcoat,Retail,"$44,577 ",7/2/2025,178,178,$0 ,,"$47,374 ","$48,855 ","$4,278 ",$0 
28,,Yes,1,2025 Ram 1500 Laramie,SN729227,1C6SRFJP8SN729227,"Truck, Large Pick-up",,,,49,4D Crew Cab,Delmonico Red Pearlcoat,Retail,"$59,553 ",7/2/2025,84,92,$0 ,,"$70,103 ","$74,935 ","$9,989 ",$0 
28,,Yes,0,2025 Ram 2500 Tradesman,SG551464,3C6UR5CL0SG551464,"Truck, Large Pick-up",,,,53,4D Crew Cab,Bright White Clearcoat,Retail,"$63,959 ",7/3/2025,201,469,$0 ,,"$67,422 ","$71,460 ","$1,000 ",$0 
,,Yes,0,2025 Ram 2500 Tradesman,SG536201,3C6TR5CJ0SG536201,"Truck, Large Pick-up",,,,53,4D Crew Cab,Diamond Black Crystal Pearlcoat,Retail,"$63,840 ",7/5/2025,201,126,$0 ,,"$61,320 ","$64,840 ","$1,000 ",$0 
28,,Yes,1,2025 Ram 1500 Laramie,SN729225,1C6SRFJP4SN729225,"Truck, Large Pick-up",,,,55,4D Crew Cab,Diamond Black Crystal Pearlcoat,Retail,"$59,165 ",7/2/2025,84,92,$0 ,,"$70,103 ","$74,935 ","$9,989 ",$0 
32,,Yes,0,2025 Jeep Grand Cherokee L Altitude X,S8714471,1C4RJJAGXS8714471,"SUV, Intermediate Sport Utility",,,,55,4D Sport Utility,Bright White Clearcoat,Retail,"$40,040 ",7/2/2025,213,168,$0 ,,"$45,040 ","$46,135 ","$4,400 ",$0 
33,,Yes,0,2025 Jeep Grand Cherokee L Altitude X,S8709082,1C4RJKAGXS8709082,"SUV, Intermediate Sport Utility",,,,55,4D Sport Utility,Baltic Gray Metallic Clearcoat,Retail,"$39,878 ",7/2/2025,213,216,$0 ,,"$47,536 ","$48,730 ","$4,658 ",$0 
33,,Yes,0,2025 Jeep Grand Cherokee L Altitude X,S8714470,1C4RJJAG8S8714470,"SUV, Intermediate Sport Utility",,,,57,4D Sport Utility,Baltic Gray Metallic Clearcoat,Retail,"$38,051 ",7/7/2025,213,168,$0 ,,"$45,576 ","$46,730 ","$4,400 ",$0 
29,,Yes,1,2025 Ram 1500 Laramie,SN727458,1C6SRFJP6SN727458,"Truck, Large Pick-up",,,,57,4D Crew Cab,Granite Crystal Metallic Clearcoat,Retail,"$61,457 ",7/2/2025,84,92,$0 ,,"$71,939 ","$76,930 ","$9,989 ",$0 
28,,Yes,0,2025 Ram 1500 Tradesman,SN750781,1C6SRECG8SN750781,"Truck, Large Pick-up",,,,60,4D Quad Cab,Billet Silver Metallic Clearcoat,Retail,"$38,475 ",7/7/2025,84,113,$0 ,,"$44,705 ","$46,355 ","$4,030 ",$0 
25,,Yes,0,2025 Jeep Grand Cherokee Laredo X,SC298729,1C4RJHAG4SC298729,"SUV, Intermediate Sport Utility",,,,60,4D Sport Utility,Gray,Retail,"$38,102 ",7/2/2025,122,,$0 ,$0 ,"$43,076 ","$43,970 ","$3,398 ",$0 
28,,Yes,0,2025 Ram 1500 Big Horn/Lone Star,SN699605,1C6SRFFP4SN699605,"Truck, Large Pick-up",,,,60,4D Crew Cab,Diamond Black Crystal Pearlcoat,Retail,"$48,013 ",7/7/2025,84,101,$0 ,$0 ,$0 ,"$63,175 ","$10,022 ",$0 
28,,Yes,0,2025 Ram 1500 Tradesman,SN750780,1C6SRECG6SN750780,"Truck, Large Pick-up",,,,61,4D Quad Cab,Granite Crystal Metallic Clearcoat,Retail,"$38,475 ",7/7/2025,84,113,$0 ,$0 ,"$44,705 ","$46,355 ","$4,030 ",$0 
28,,Yes,0,2025 Ram 1500 Tradesman,SN750782,1C6SRECGXSN750782,"Truck, Large Pick-up",,,,61,4D Quad Cab,Bright White Clearcoat,Retail,"$38,230 ",7/7/2025,84,113,$0 ,$0 ,"$44,433 ","$46,060 ","$4,030 ",$0 
33,,Yes,0,2025 Jeep Grand Cherokee L Altitude X,S8706104,1C4RJKAG1S8706104,"SUV, Intermediate Sport Utility",,,,62,4D Sport Utility,Bright White Clearcoat,Retail,"$41,322 ",7/2/2025,213,216,$0 ,,"$48,480 ","$49,780 ","$4,658 ",$0 
30,,Yes,0,2025 Ram 2500 Laramie,SG548791,3C6UR5NL4SG548791,"Truck, Large Pick-up",,,,62,4D Mega Cab,Granite Crystal Metallic Clearcoat,Retail,"$84,254 ",7/3/2025,201,244,$0 ,$0 ,"$86,856 ","$91,880 ","$1,000 ",$0 
28,,Yes,0,2025 Ram 1500 Tradesman,SN741624,1C6SRFGP2SN741624,"Truck, Large Pick-up",,,,62,4D Crew Cab,Diamond Black Crystal Pearlcoat,Retail,"$46,148 ",7/2/2025,84,,$0 ,$0 ,"$53,905 ","$56,045 ","$6,977 ",$0 
29,,Yes,0,2025 Jeep Gladiator Sport,SL526443,1C6PJTAG8SL526443,"Truck, Small Pick-up",,,,62,4D Crew Cab,Black Clearcoat,Retail,"$44,834 ",7/2/2025,178,"1,029",$0 ,$0 ,"$47,874 ","$49,410 ","$4,271 ",$0 
28,,Yes,0,2025 Ram 1500 Rebel,SN719682,1C6SRFLP8SN719682,"Truck, Large Pick-up",,,,62,4D Crew Cab,Hydro Blue Pearlcoat,Retail,"$54,978 ",7/2/2025,84,91,$0 ,$0 ,"$64,786 ","$68,315 ","$8,176 ",$0 
29,,Yes,1,2025 Ram 1500 Laramie,SN729234,1C6SRFJP5SN729234,"Truck, Large Pick-up",,,,64,4D Crew Cab,Granite Crystal Metallic Clearcoat,Retail,"$58,136 ",7/2/2025,84,92,$0 ,$0 ,"$68,537 ","$73,230 ","$9,989 ",$0 
29,,Yes,0,2025 Ram 1500 Laramie,SN727459,1C6SRFJP8SN727459,"Truck, Large Pick-up",,,,67,4D Crew Cab,Billet Silver Metallic Clearcoat,Retail,"$59,936 ",7/2/2025,84,92,$0 ,,"$71,939 ","$76,930 ","$11,989 ",$0 
30,,Yes,0,2025 Jeep Gladiator Sport,SL526444,1C6PJTAGXSL526444,"Truck, Small Pick-up",,,,67,4D Crew Cab,Bright White Clearcoat,Retail,"$43,534 ",7/2/2025,178,"1,029",$0 ,$0 ,"$47,338 ","$48,815 ","$4,271 ",$0 
30,,Yes,0,2025 Jeep Gladiator Sport,SL526442,1C6PJTAG6SL526442,"Truck, Small Pick-up",,,,67,4D Crew Cab,Anvil Clearcoat,Retail,"$43,834 ",7/2/2025,178,"1,029",$0 ,$0 ,"$47,874 ","$49,410 ","$4,271 ",$0 
28,,Yes,1,2025 Ram 1500 Laramie,SN729228,1C6SRFJPXSN729228,"Truck, Large Pick-up",,,,68,4D Crew Cab,Granite Crystal Metallic Clearcoat,Retail,"$57,996 ",7/2/2025,84,92,$0 ,,"$70,150 ","$74,985 ","$9,989 ",$0 
28,,Yes,1,2025 Ram 1500 Laramie,SN729233,1C6SRFJP3SN729233,"Truck, Large Pick-up",,,,68,4D Crew Cab,Granite Crystal Metallic Clearcoat,Retail,"$58,548 ",7/2/2025,84,92,$0 ,$0 ,"$68,537 ","$73,230 ","$9,989 ",$0 
26,,Yes,0,2025 Ram 1500 Tradesman,SN741623,1C6SRFGP0SN741623,"Truck, Large Pick-up",,,,70,4D Crew Cab,Billet Silver Metallic Clearcoat,Retail,"$46,108 ",7/2/2025,84,,$0 ,,"$53,952 ","$56,095 ","$6,977 ",$0 
28,,Yes,0,2025 Jeep Wrangler Sport S,SW593363,1C4PJXDG1SW593363,"SUV, Intermediate Sport Utility",,,,70,4D Sport Utility,Joose,Retail,"$44,041 ",7/2/2025,160,305,$0 ,,"$50,219 ","$52,140 ","$4,359 ",$0 
29,,Yes,0,2025 Jeep Wrangler Sport S,SW593362,1C4PJXDGXSW593362,"SUV, Intermediate Sport Utility",,,,71,4D Sport Utility,Joose,Retail,"$47,981 ",7/2/2025,160,305,$0 ,,"$52,199 ","$54,340 ","$4,359 ",$0 
30,,Yes,1,2025 Ram 1500 Laramie,SN729235,1C6SRFJP7SN729235,"Truck, Large Pick-up",,,,71,4D Crew Cab,Bright White Clearcoat,Retail,"$56,059 ",7/2/2025,84,92,$0 ,$0 ,"$68,265 ","$72,935 ","$9,989 ",$0 
31,,Yes,0,2025 Chrysler Pacifica Hybrid Select,SR593724,2C4RC1S72SR593724,"Van, Small Van",,,,71,4D Passenger Van,Diamond Black Crystal Pearlcoat,Retail,"$54,481 ",7/2/2025,76,,$0 ,$0 ,"$62,205 ","$63,805 ","$6,324 ",$0 
32,,Yes,0,2025 Jeep Grand Cherokee L Limited,S8688976,1C4RJKBG1S8688976,"SUV, Intermediate Sport Utility",,,,71,4D Sport Utility,Diamond Black Crystal Pearlcoat,Retail,"$50,837 ",7/2/2025,213,234,$0 ,,"$56,044 ","$57,660 ","$4,823 ",$0 
28,,Yes,0,2025 Jeep Wrangler Sport S,SW581602,1C4PJXDGXSW581602,"SUV, Intermediate Sport Utility",,,,74,4D Sport Utility,Bright White Clearcoat,Retail,"$43,556 ",7/2/2025,160,305,$0 ,,"$49,413 ","$51,245 ","$4,359 ",$0 
28,,Yes,0,2025 Jeep Wrangler Willys,SW593361,1C4RJXDG7SW593361,"SUV, Intermediate Sport Utility",,,,76,4D Sport Utility,Joose,Retail,"$50,897 ",7/7/2025,160,141,$0 ,,"$59,156 ","$62,070 ","$4,990 ",$0 
32,,Yes,0,2025 Jeep Grand Cherokee Summit,S8689629,1C4RJHEG9S8689629,"SUV, Intermediate Sport Utility",,,,77,4D Sport Utility,Bright White Clearcoat,Retail,"$52,683 ",7/7/2025,122,125,$0 ,,"$59,582 ","$60,555 ","$4,625 ",$0 
30,,Yes,1,2025 Ram 1500 Laramie,SN729226,1C6SRFJP6SN729226,"Truck, Large Pick-up",,,,81,4D Crew Cab,Bright White Clearcoat,Retail,"$58,264 ",7/2/2025,84,92,$0 ,,"$69,878 ","$74,690 ","$9,989 ",$0 
31,,Yes,0,2025 Ram 1500 Rebel,SN710125,1C6SRFLP8SN710125,"Truck, Large Pick-up",,,,81,4D Crew Cab,Hydro Blue Pearlcoat,Retail,"$61,129 ",7/2/2025,84,91,$0 ,,"$70,298 ","$74,305 ","$8,176 ",$0 
,,Yes,0,2025 Dodge Hornet GT,S3A45759,ZACNDFAN4S3A45759,"SUV, Compact Sport Utility",,,,83,4D Sport Utility,Q Ball,Retail,"$30,881 ",7/7/2025,234,207,$0 ,,"$33,316 ","$33,935 ","$1,790 ",$0 
31,,Yes,0,2025 Dodge Hornet GT,S3A45534,ZACNDFAN2S3A45534,"SUV, Compact Sport Utility",,,,83,4D Sport Utility,Q Ball,Retail,"$31,331 ",7/7/2025,234,207,$0 ,$0 ,"$33,772 ","$34,430 ","$1,790 ",$0 
29,,Yes,0,2025 Ram 1500 Big Horn/Lone Star,SN731764,1C6SRFFPXSN731764,"Truck, Large Pick-up",,,,84,4D Crew Cab,Granite Crystal Metallic Clearcoat,Retail,"$48,013 ",7/7/2025,84,101,$0 ,,"$59,990 ","$63,175 ","$10,118 ",$0 
30,,Yes,0,2025 Ram 1500 Rebel,SN723755,1C6SRFLP7SN723755,"Truck, Large Pick-up",,,,84,4D Crew Cab,Delmonico Red Pearlcoat,Retail,"$58,978 ",7/2/2025,84,91,$0 ,,"$69,750 ","$73,710 ","$8,176 ",$0 
30,,Yes,0,2025 Ram 1500 Big Horn/Lone Star,SN729220,1C6SRFFP4SN729220,"Truck, Large Pick-up",,,,84,4D Crew Cab,Bright White Clearcoat,Retail,"$49,001 ",7/7/2025,84,101,$0 ,,"$61,186 ","$64,475 ","$10,118 ",$0 
29,,Yes,0,2025 Ram 1500 Big Horn/Lone Star,SN681296,1C6SRFFP4SN681296,"Truck, Large Pick-up",,,,84,4D Crew Cab,Bright White Clearcoat,Retail,"$47,257 ",7/7/2025,84,101,$0 ,,"$59,074 ","$62,180 ","$10,118 ",$0 
29,,Yes,0,2025 Jeep Wrangler Willys,SW581599,1C4RJXDG2SW581599,"SUV, Intermediate Sport Utility",,,,85,4D Sport Utility,Mojito Clearcoat,Retail,"$53,264 ",7/2/2025,160,141,$0 ,,"$58,886 ","$61,770 ","$4,990 ",$0 
29,,Yes,0,2025 Jeep Wrangler Rubicon X,SW593365,1C4RJXFG8SW593365,"SUV, Intermediate Sport Utility",,,,85,4D Sport Utility,Joose,Retail,"$64,635 ",7/2/2025,160,126,$0 ,,"$72,189 ","$76,055 ","$8,420 ",$0 
29,,Yes,0,2025 Jeep Gladiator,SL523650,1C6PJTAG9SL523650,"Truck, Small Pick-up",,,,88,4D Crew Cab,Bright White Clearcoat,Retail,"$38,229 ",7/5/2025,178,178,$0 ,,"$47,338 ","$48,815 ","$4,271 ",$0 
29,,Yes,0,2025 Jeep Gladiator,SL523648,1C6PJTAG0SL523648,"Truck, Small Pick-up",,,,89,4D Crew Cab,41,Retail,"$39,573 ",7/3/2025,178,178,$0 ,,"$47,374 ","$48,855 ","$4,271 ",$0 
28,,Yes,1,2025 Ram 1500 Laramie,SN729236,1C6SRFJP9SN729236,"Truck, Large Pick-up",,,,89,4D Crew Cab,Diamond Black Crystal Pearlcoat,Retail,"$55,503 ",7/2/2025,84,92,$0 ,,"$68,490 ","$73,180 ","$9,989 ",$0 
29,,Yes,0,2025 Jeep Gladiator,SL523651,1C6PJTAG0SL523651,"Truck, Small Pick-up",,,,89,4D Crew Cab,Granite Crystal Metallic Clearcoat,Retail,"$39,895 ",7/3/2025,178,178,$0 ,,"$47,374 ","$48,855 ","$4,271 ",$0 
31,,Yes,0,2025 Jeep Compass Limited,ST598518,3C4NJDCN2ST598518,"SUV, Compact Sport Utility",,,,97,4D Sport Utility,Bright White Clearcoat,Retail,"$30,696 ",7/7/2025,160,143,$0 ,$0 ,"$34,190 ","$34,490 ","$1,592 ",$0 
27,,Yes,0,2025 Ram ProMaster 2500 High Roof 136 WB,SE550974,3C6LRVCG4SE550974,"Van, Full Size Vans",,,,99,3D Cargo Van,Bright White Clearcoat,Retail,"$51,230 ",5/1/2025,176,,$0 ,,"$55,430 ","$57,965 ",$0 ,$0 
30,,Yes,0,2025 Jeep Wrangler Rubicon X,SW581606,1C4RJXFGXSW581606,"SUV, Intermediate Sport Utility",,,,102,4D Sport Utility,Mojito Clearcoat,Retail,"$63,340 ",7/2/2025,160,126,$0 ,$0 ,"$68,323 ","$71,760 ","$8,420 ",$0 
29,,Yes,0,2025 Ram ProMaster 2500 High Roof 136 WB,SE550975,3C6LRVCG6SE550975,"Van, Full Size Vans",,,,102,3D Cargo Van,Bright White Clearcoat,Retail,"$51,230 ",5/1/2025,176,,$0 ,,"$55,430 ","$57,965 ",$0 ,$0 
32,,Yes,0,2025 Jeep Grand Cherokee L Limited,S8681811,1C4RJKBG0S8681811,"SUV, Intermediate Sport Utility",,,,102,4D Sport Utility,Silver Zynith,Retail,"$44,733 ",7/7/2025,213,234,$0 ,$0 ,"$52,656 ","$53,895 ","$4,823 ",$0 
15,,Yes,0,2025 Jeep Grand Wagoneer Series II,SS510937,1C4SJVFP1SS510937,"SUV, Luxury Sport Utility",,,,104,4D Sport Utility,Bright White Clearcoat,Retail,"$101,630 ",7/3/2025,64,,$0 ,,"$100,826 ","$107,630 ",$0 ,$0 
28,,Yes,0,2025 Ram 2500 Tradesman,SG521129,3C6UR5CJ3SG521129,"Truck, Large Pick-up",,,,105,4D Crew Cab,Diamond Black Crystal Pearlcoat,Retail,"$51,132 ",7/3/2025,201,126,$0 ,,"$54,052 ","$56,940 ","$1,000 ",$0 
33,,Yes,0,2025 Jeep Wagoneer Base,SS510936,1C4SJVAP0SS510936,"SUV, Large Sport Utility",,,,105,4D Sport Utility,Diamond Black Crystal Pearlcoat,Retail,"$62,951 ",5/1/2025,286,,$0 ,,"$65,951 ","$68,730 ",$0 ,$0 
29,,Yes,0,2025 Ram 1500 Limited,SN674751,1C6SRFHP4SN674751,"Truck, Large Pick-up",,,,105,4D Crew Cab,Diamond Black Crystal Pearlcoat,Retail,"$65,778 ",7/3/2025,84,62,$0 ,$0 ,"$76,763 ","$82,025 ","$10,247 ",$0 
32,,Yes,0,2025 Jeep Grand Cherokee L Limited,S8681810,1C4RJKBG9S8681810,"SUV, Intermediate Sport Utility",,,,106,4D Sport Utility,Bright White Clearcoat,Retail,"$42,640 ",7/7/2025,213,234,$0 ,,"$52,120 ","$53,300 ","$4,823 ",$0 
28,,Yes,1,2025 Ram 1500 Laramie,SN660868,1C6RREJP6SN660868,"Truck, Large Pick-up",,,,106,4D Crew Cab,Bright White Clearcoat,Retail,"$46,942 ",7/2/2025,84,,$0 ,,"$61,401 ","$65,550 ","$9,608 ",$0 
28,,Yes,0,2025 Jeep Wrangler Sport S,SW581603,1C4PJXDG1SW581603,"SUV, Intermediate Sport Utility",,,,109,4D Sport Utility,Anvil Clear Coat,Retail,"$46,781 ",7/2/2025,160,305,$0 ,,"$51,929 ","$54,040 ","$4,359 ",$0 
28,,Yes,0,2025 Ram 2500 Tradesman,SG521130,3C6UR5CJXSG521130,"Truck, Large Pick-up",,,,109,4D Crew Cab,Bright White Clearcoat,Retail,"$49,454 ",7/3/2025,201,126,$0 ,$0 ,"$52,723 ","$55,495 ","$1,000 ",$0 
33,,Yes,0,2025 Jeep Grand Cherokee L Limited,S8688977,1C4RJKBG3S8688977,"SUV, Intermediate Sport Utility",,,,111,4D Sport Utility,Baltic Gray Metallic Clearcoat,Retail,"$45,858 ",7/2/2025,213,234,$0 ,,"$53,681 ","$55,035 ","$4,823 ",$0 
30,,Yes,0,2025 Ram 2500 Laramie,SG524235,3C6UR5FLXSG524235,"Truck, Large Pick-up",,,,111,4D Crew Cab,Bright White Clearcoat,Retail,"$82,254 ",7/3/2025,201,300,$0 ,$0 ,"$84,998 ","$90,235 ","$1,000 ",$0 
33,,Yes,0,2025 Jeep Grand Cherokee L Limited,S8681812,1C4RJKBG2S8681812,"SUV, Intermediate Sport Utility",,,,116,4D Sport Utility,Bright White Clearcoat,Retail,"$50,283 ",7/2/2025,213,234,$0 ,,"$57,106 ","$58,840 ","$4,823 ",$0 
25,,Yes,0,2025 Ram ProMaster 2500 High Roof 159 WB,SE550976,3C6LRVDGXSE550976,"Van, Full Size Vans",,,,119,3D Cargo Van,Bright White Clearcoat,Retail,"$47,424 ",6/4/2025,176,,$0 ,,"$56,328 ","$58,920 ","$4,704 ",$0 
30,,Yes,0,2025 Jeep Grand Cherokee L Limited,S8681809,1C4RJKBG2S8681809,"SUV, Intermediate Sport Utility",,,,119,4D Sport Utility,Baltic Gray Metallic Clearcoat,Retail,"$43,655 ",7/7/2025,213,234,$0 ,$0 ,"$52,656 ","$53,895 ","$4,823 ",$0 
31,,Yes,0,2025 Ram 2500 Laramie,SG524233,3C6UR5FL6SG524233,"Truck, Large Pick-up",,,,123,4D Crew Cab,Bright White Clearcoat,Retail,"$78,115 ",7/3/2025,201,300,$0 ,$0 ,"$82,099 ","$87,085 ","$1,000 ",$0 
32,,Yes,0,2025 Jeep Grand Cherokee L Limited,S8684784,1C4RJJBG2S8684784,"SUV, Intermediate Sport Utility",,,,123,4D Sport Utility,Baltic Gray Metallic Clearcoat,Retail,"$40,517 ",7/2/2025,213,245,$0 ,,"$48,333 ","$49,270 ","$4,753 ",$0 
31,,Yes,0,2025 Jeep Wagoneer Base,SS507289,1C4SJVAP0SS507289,"SUV, Large Sport Utility",,,,124,4D Sport Utility,River Rock,Retail,"$63,707 ",7/3/2025,286,,$0 ,,"$66,707 ","$69,580 ",$0 ,$0 
31,,Yes,0,2025 Dodge Durango GT,SC523817,1C4RDHDG6SC523817,"SUV, Large Sport Utility",,,,124,4D Sport Utility,Destroyer Gray Clearcoat,Retail,"$37,246 ",7/7/2025,97,90,$0 ,,"$39,744 ","$40,485 ","$2,424 ",$0 
16,,Yes,0,2025 Jeep Wagoneer L Base,SS507291,1C4SJSAP0SS507291,"SUV, Large Sport Utility",,,,126,4D Sport Utility,Diamond Black Crystal Pearlcoat,Retail,"$67,125 ",7/1/2025,135,,$0 ,,"$69,590 ","$72,585 ",$0 ,$0 
28,,Yes,0,2025 Ram 1500 Rebel,SN697683,1C6SRFLP8SN697683,"Truck, Large Pick-up",,,,127,4D Crew Cab,River Rock,Retail,"$65,334 ",7/3/2025,84,91,$0 ,$0 ,"$74,004 ","$78,340 ","$8,176 ",$0 
29,,Yes,0,2025 Ram 2500 Laramie,SG524234,3C6UR5FL8SG524234,"Truck, Large Pick-up",,,,127,4D Crew Cab,Diamond Black Crystal Pearlcoat,Retail,"$78,530 ",7/4/2025,201,300,$0 ,$0 ,"$82,224 ","$87,230 ","$1,000 ",$0 
31,,Yes,0,2025 Jeep Grand Cherokee L Altitude X,S8669469,1C4RJKAG8S8669469,"SUV, Intermediate Sport Utility",,,,131,4D Sport Utility,Silver Zynith,Retail,"$41,307 ",7/4/2025,213,216,$0 ,$0 ,"$47,336 ","$48,530 ","$4,658 ",$0 
30,,Yes,0,2025 Ram 1500 Rebel,SN619818,1C6SRFLP0SN619818,"Truck, Large Pick-up",,,,134,4D Crew Cab,Bright White Clearcoat,Retail,"$64,949 ",7/3/2025,84,91,$0 ,$0 ,$0 ,"$76,800 ","$8,176 ",$0 
29,,Yes,0,2025 Ram 2500 Big Horn,SG522197,3C6UR5DL3SG522197,"Truck, Large Pick-up",,,,137,4D Crew Cab,Bright White Clearcoat,Retail,"$70,364 ",7/4/2025,201,405,$0 ,$0 ,"$71,985 ","$76,325 ","$1,000 ",$0 
30,,Yes,0,2025 Jeep Grand Cherokee Limited,SC300607,1C4RJGBG1SC300607,"SUV, Intermediate Sport Utility",,,,151,4D Sport Utility,Baltic Gray Metallic Clearcoat,Retail,"$39,836 ",7/7/2025,122,117,$0 ,$0 ,"$48,626 ","$49,795 ","$4,614 ",$0 
29,,Yes,0,2025 Jeep Wrangler Sport S,SW543946,1C4PJXDN8SW543946,"SUV, Intermediate Sport Utility",,,,153,4D Sport Utility,Granite Crystal Metallic Clearcoat,Retail,"$42,031 ",7/4/2025,160,394,$0 ,$0 ,"$47,463 ","$49,075 ","$4,041 ",$0 
27,,Yes,0,2025 Jeep Wrangler Sport S,SW543846,1C4PJXDG2SW543846,"SUV, Intermediate Sport Utility",,,,158,4D Sport Utility,Mojito Clearcoat,Retail,"$45,766 ",7/2/2025,160,305,$0 ,$0 ,"$52,216 ","$54,370 ","$4,359 ",$0 
28,,Yes,0,2025 Ram 1500 Rocky Ridge Bighorn/Lonestar,SN639428,1C6SRFFP5SN639428,"Truck, Large Pick-up",,,,158,4D Crew Cab,Bright White Clearcoat,Retail,"$68,521 ",7/2/2025,84,,$0 ,$0 ,"$84,520 ","$94,845 ","$10,022 ",$0 
30,,Yes,0,2025 Jeep Grand Cherokee Limited,SC298210,1C4RJHBG9SC298210,"SUV, Intermediate Sport Utility",,,,160,4D Sport Utility,Baltic Gray Metallic Clearcoat,Retail,"$41,640 ",7/7/2025,122,73,$0 ,$0 ,"$50,586 ","$51,795 ","$4,614 ",$0 
32,,Yes,0,2025 Ram 1500 Limited,SN589915,1C6SRFHPXSN589915,"Truck, Large Pick-up",,,,168,4D Crew Cab,Ivory White Tri-Coat Pearlcoat,Retail,"$66,993 ",7/3/2025,84,62,$0 ,$0 ,"$77,123 ","$82,420 ","$10,247 ",$0 
33,,Yes,0,2025 Chrysler Pacifica Select,SR534191,2C4RC1BG6SR534191,"Van, Small Van",,,,203,4D Passenger Van,Ceramic Gray Clearcoat,Retail,"$37,498 ",7/7/2025,118,190,$0 ,$0 ,"$43,717 ","$44,640 ","$2,693 ",$0 
38,,Yes,0,2025 Jeep Grand Cherokee L Limited,S8650026,1C4RJJBGXS8650026,"SUV, Intermediate Sport Utility",,,,203,4D Sport Utility,Silver Zynith,Retail,"$38,309 ",7/7/2025,213,245,$0 ,$0 ,"$46,536 ","$47,295 ","$4,753 ",$0 
31,,Yes,1,2025 Ram ProMaster 2500 High Roof 159 WB,SE538512,3C6LRVDG7SE538512,"Van, Full Size Vans",,,,203,3D Cargo Van,Bright White Clearcoat,Retail,"$47,816 ",6/3/2025,176,244,$0 ,$0 ,"$52,016 ","$54,295 ",$0 ,$0 
31,,Yes,1,2025 Ram ProMaster 2500 High Roof 159 WB,SE538510,3C6LRVDG3SE538510,"Van, Full Size Vans",,,,204,3D Cargo Van,Bright White Clearcoat,Retail,"$49,118 ",6/3/2025,176,244,$0 ,,"$53,318 ","$55,740 ",$0 ,$0 
34,,Yes,1,2025 Ram 1500 Big Horn/Lone Star,SN659930,1C6SRFFP2SN659930,"Truck, Large Pick-up",,,,210,4D Crew Cab,Bright White Clearcoat,Retail,"$52,290 ",7/2/2025,84,101,$0 ,"$48,360 ","$58,181 ","$61,215 ","$5,000 ",$0 
29,,Yes,1,2025 Ram 1500 Laramie,SN646168,1C6SRFJP8SN646168,"Truck, Large Pick-up",,,,218,4D Crew Cab,Bright White Clearcoat,Retail,"$53,475 ",7/7/2025,84,92,$0 ,$0 ,"$66,732 ","$71,300 ","$9,989 ",$0 
36,,Yes,0,2025 Jeep Grand Cherokee Laredo,SC284170,1C4RJHAG6SC284170,"SUV, Intermediate Sport Utility",,,,225,4D Sport Utility,Bright White Clearcoat,Retail,"$33,025 ",7/2/2025,122,128,$0 ,"$35,343 ","$40,923 ","$41,580 ","$3,398 ",$0 
36,,Yes,0,2025 Jeep Grand Cherokee Laredo,SC284248,1C4RJGAG3SC284248,"SUV, Intermediate Sport Utility",,,,228,4D Sport Utility,Diamond Black Crystal Pearlcoat,Retail,"$33,982 ",7/2/2025,122,115,$0 ,,"$39,499 ","$40,175 ","$3,317 ",$0 
21,,Yes,0,2025 Jeep Grand Cherokee L Limited,S8646930,1C4RJKBG9S8646930,"SUV, Intermediate Sport Utility",,,,231,4D Sport Utility,Baltic Gray Metallic Clearcoat,Retail,"$43,472 ",7/2/2025,213,234,$0 ,$0 ,"$48,496 ","$49,295 ","$4,823 ",$0 
21,,Yes,0,2025 Jeep Grand Cherokee Laredo,SC281809,1C4RJHAG5SC281809,"SUV, Intermediate Sport Utility",,,,231,4D Sport Utility,Bright White Clearcoat,Retail,"$34,615 ",7/2/2025,122,128,$0 ,"$34,706 ","$40,247 ","$40,830 ","$3,182 ",$0 
23,,Yes,0,2024 Ram 2500 Laramie,RG268712,3C6UR5FL5RG268712,"Truck, Large Pick-up",,,,407,4D Crew Cab,Bright White Clearcoat,Retail,"$72,064 ",7/3/2025,297,,$0 ,$0 ,$0 ,"$89,690 ","$10,626 ",$0 
22,,Yes,0,2024 Jeep Grand Cherokee Limited,R8559216,1C4RJHBG5R8559216,"SUV, Intermediate Sport Utility",,,,467,4D Sport Utility,Midnight Sky,Retail,"$40,192 ",7/1/2025,31,,$0 ,,"$54,192 ","$55,535 ",$0 ,$0 
20,,Yes,0,2024 Ram 2500 Tradesman,RG197415,3C6UR5HJ0RG197415,"Truck, Large Pick-up",,,,488,4D Crew Cab,Bright White Clearcoat,Retail,"$50,234 ",7/3/2025,297,,$0 ,,"$56,228 ","$59,250 ","$5,016 ",$0 
9,,Yes,0,2024 Ram 2500 Tradesman,RG259005,3C6UR5CL6RG259005,"Truck, Large Pick-up",,,,488,4D Crew Cab,Billet Silver Metallic Clearcoat,Retail,"$56,135 ",7/2/2025,297,38,$0 ,,"$64,735 ","$68,550 ","$6,019 ",$0 
22,,Yes,0,2024 Jeep Grand Cherokee L Altitude,R8522877,1C4RJKAG9R8522877,"SUV, Intermediate Sport Utility",,,,510,4D Sport Utility,Bright White Clearcoat,Retail,"$37,500 ",6/16/2025,50,,$0 ,,"$48,811 ","$50,080 ",$0 ,$0 
,,Yes,0,2023 Jeep Wagoneer L Series II,PS530227,1C4SJSBPXPS530227,"SUV, Large Sport Utility",,,,746,4D Sport Utility,Diamond Black Crystal Pearlcoat,Retail,"$71,896 ",5/21/2025,,,$0 ,,"$73,521 ","$75,680 ",$0 ,